City_ID,City,Country,Date,Lat,Lng,Max Temp,Humidity,Cloudiness,Wind Speed
0,Derzhavinsk,KZ,2022-01-27 16:57:04,51.1,66.3167,9.46,92,100,4.76
1,Bethel,US,2022-01-27 16:57:05,41.3712,-73.414,28.09,53,40,7.76
2,Macenta,GN,2022-01-27 16:57:05,8.5435,-9.471,92.01,12,14,2.93
3,Boa Vista,BR,2022-01-27 16:54:28,2.8197,-60.6733,89.58,43,75,8.05
4,Provideniya,RU,2022-01-27 16:57:06,64.3833,-173.3,-2.27,95,80,1.57
5,Mataura,NZ,2022-01-27 16:57:06,-46.1927,168.8643,41.49,94,98,2.13
6,Mount Gambier,AU,2022-01-27 16:57:06,-37.8333,140.7667,66.11,88,100,4.61
7,Jadu,LY,2022-01-27 16:57:07,31.953,12.0261,45.43,49,100,1.5
8,Hilo,US,2022-01-27 16:57:07,19.7297,-155.09,67.62,81,14,8.01
9,Kibala,TD,2022-01-27 16:57:07,9.1104,18.3463,93.15,18,0,9.22
10,Pangnirtung,CA,2022-01-27 16:57:08,66.1451,-65.7125,-20.2,52,75,3.44
11,Katsuura,JP,2022-01-27 16:57:08,35.1333,140.3,44.19,75,100,12.19
12,Dikson,RU,2022-01-27 16:57:08,73.5069,80.5464,8.33,93,100,27.6
13,Rikitea,PF,2022-01-27 16:57:09,-23.1203,-134.9692,78.08,77,27,19.24
14,Kaitangata,NZ,2022-01-27 16:57:09,-46.2817,169.8464,47.93,87,100,2.62
15,Saskylakh,RU,2022-01-27 16:57:09,71.9167,114.0833,2.8,83,67,11.88
16,Cape Town,ZA,2022-01-27 16:53:57,-33.9258,18.4232,73.09,62,20,24.16
17,Kahului,US,2022-01-27 16:57:10,20.8947,-156.47,65.68,82,4,2.37
18,Bambous Virieux,MU,2022-01-27 16:55:07,-20.3428,57.7575,77.25,78,40,5.75
19,Albany,US,2022-01-27 16:53:44,42.6001,-73.9662,24.94,52,75,1.99
20,Avarua,CK,2022-01-27 16:55:50,-21.2078,-159.775,78.85,94,75,11.5
21,Ushuaia,AR,2022-01-27 16:56:24,-54.8,-68.3,49.66,71,75,19.57
22,Namibe,AO,2022-01-27 16:57:11,-15.1961,12.1522,77.77,79,36,9.75
23,Bluff,NZ,2022-01-27 16:55:16,-46.6,168.3333,41.81,77,94,4.43
24,Port Alfred,ZA,2022-01-27 16:57:11,-33.5906,26.891,75.42,88,39,9.48
25,Punta Arenas,CL,2022-01-27 16:57:04,-53.15,-70.9167,60.91,55,40,25.32
26,Victoria,HK,2022-01-27 16:57:12,22.2855,114.1577,68.38,87,7,10.0
27,Edeia,BR,2022-01-27 16:52:16,-17.3383,-49.9314,83.89,57,79,7.76
28,Nikolskoye,RU,2022-01-27 16:57:12,59.7035,30.7861,29.71,95,100,7.85
29,Pevek,RU,2022-01-27 16:57:13,69.7008,170.3133,-27.83,100,28,3.02
30,Chokurdakh,RU,2022-01-27 16:57:13,70.6333,147.9167,-24.57,90,44,13.0
31,Atuona,PF,2022-01-27 16:56:24,-9.8,-139.0333,77.99,76,23,19.57
32,Staroye Drozhzhanoye,RU,2022-01-27 16:57:13,54.7266,47.5677,0.95,100,89,5.32
33,Bengkulu,ID,2022-01-27 16:57:14,-3.8004,102.2655,77.56,86,100,3.29
34,Upernavik,GL,2022-01-27 16:57:14,72.7868,-56.1549,-8.09,72,41,7.61
35,Khatanga,RU,2022-01-27 16:57:14,71.9667,102.5,7.36,81,99,17.81
36,Port Lincoln,AU,2022-01-27 16:57:15,-34.7333,135.8667,65.14,89,0,10.13
37,Georgetown,MY,2022-01-27 16:56:45,5.4112,100.3354,82.33,82,20,3.0
38,Hailar,CN,2022-01-27 16:57:15,49.2,119.7,-17.72,100,89,4.47
39,Puerto Ayora,EC,2022-01-27 16:57:16,-0.7393,-90.3518,80.56,73,88,8.66
40,Bredasdorp,ZA,2022-01-27 16:57:16,-34.5322,20.0403,74.52,57,56,8.05
41,Constitucion,CL,2022-01-27 16:57:16,-35.3333,-72.4167,68.2,68,36,8.32
42,Atar,MR,2022-01-27 16:58:17,20.5169,-13.0499,78.67,20,90,8.39
43,Hithadhoo,MV,2022-01-27 16:58:17,-0.6,73.0833,81.57,73,100,17.31
44,Langsa,ID,2022-01-27 16:58:17,4.4683,97.9683,74.14,96,53,2.86
45,Hermanus,ZA,2022-01-27 16:55:28,-34.4187,19.2345,71.91,77,3,9.44
46,Wattegama,LK,2022-01-27 16:58:18,6.7989,81.4808,70.38,83,100,5.57
47,Cabo San Lucas,MX,2022-01-27 16:58:18,22.8909,-109.9124,72.52,46,15,1.99
48,Boffa,GN,2022-01-27 16:58:18,10.1667,-14.0333,87.51,52,62,11.27
49,Severo-Kurilsk,RU,2022-01-27 16:58:19,50.6789,156.125,24.28,72,92,32.53
50,Okha,RU,2022-01-27 16:58:19,53.5739,142.9478,-14.21,99,60,10.38
51,Lenine,UA,2022-01-27 16:58:20,45.2986,35.7771,28.63,81,100,8.84
52,Butaritari,KI,2022-01-27 16:58:20,3.0707,172.7902,81.36,79,24,13.96
53,Kruisfontein,ZA,2022-01-27 16:55:20,-34.0033,24.7314,68.88,86,75,10.07
54,Vaini,TO,2022-01-27 16:58:20,-21.2,-175.2,81.84,80,97,15.61
55,Ostrovnoy,RU,2022-01-27 16:58:21,68.0531,39.5131,20.84,90,99,17.18
56,Vila Franca Do Campo,PT,2022-01-27 16:56:50,37.7167,-25.4333,61.21,71,70,12.06
57,Barrow,US,2022-01-27 16:58:21,71.2906,-156.7887,-22.18,99,82,12.19
58,Petropavlovsk-Kamchatskiy,RU,2022-01-27 16:58:21,53.0452,158.6483,16.39,57,75,6.71
59,Kedrovyy,RU,2022-01-27 16:58:22,56.1667,91.8167,-5.13,99,81,2.48
60,Port Pirie,AU,2022-01-27 16:58:22,-33.1833,138.0167,71.69,76,55,12.44
61,Busselton,AU,2022-01-27 16:58:23,-33.65,115.3333,59.09,74,0,11.79
62,Lavrentiya,RU,2022-01-27 16:58:23,65.5833,-171.0,-11.9,81,46,1.57
63,Port Elizabeth,ZA,2022-01-27 16:55:22,-33.918,25.5701,73.69,88,100,8.05
64,Tazovskiy,RU,2022-01-27 16:58:23,67.4667,78.7,4.06,92,100,13.47
65,Sur,OM,2022-01-27 16:58:24,22.5667,59.5289,70.07,45,0,4.74
66,Airai,TL,2022-01-27 16:58:24,-8.9266,125.4092,61.39,90,84,3.02
67,Thompson,CA,2022-01-27 16:58:24,55.7435,-97.8558,-20.04,69,75,8.05
68,Tuktoyaktuk,CA,2022-01-27 16:58:03,69.4541,-133.0374,-18.4,76,0,11.5
69,Hobart,AU,2022-01-27 16:58:25,-42.8794,147.3294,69.66,76,91,1.99
70,Ponta Do Sol,PT,2022-01-27 16:58:25,32.6667,-17.1,61.43,74,52,3.76
71,Mogadishu,SO,2022-01-27 16:56:15,2.0371,45.3438,78.15,73,89,18.37
72,Puksoozero,RU,2022-01-27 16:58:26,62.5903,40.6066,13.48,92,100,8.79
73,Srivardhan,IN,2022-01-27 16:58:26,18.0333,73.0167,71.22,62,1,8.46
74,Mangrol,IN,2022-01-27 16:58:27,21.1167,70.1167,66.42,36,0,10.87
75,Lebu,CL,2022-01-27 16:58:27,-37.6167,-73.65,66.78,71,3,7.83
76,Saint-Philippe,RE,2022-01-27 16:58:27,-21.3585,55.7679,76.59,78,7,10.07
77,Yellowknife,CA,2022-01-27 16:56:22,62.456,-114.3525,-5.28,84,40,9.22
78,Coihaique,CL,2022-01-27 16:58:28,-45.5752,-72.0662,81.21,29,0,4.61
79,Maryville,US,2022-01-27 16:56:06,35.7565,-83.9705,46.08,49,30,1.01
80,Aswan,EG,2022-01-27 16:58:28,24.0934,32.907,58.3,23,0,9.22
81,Kapaa,US,2022-01-27 16:58:29,22.0752,-159.319,69.12,59,3,2.53
82,Isangel,VU,2022-01-27 16:58:29,-19.55,169.2667,79.7,87,100,7.76
83,Laguna,US,2022-01-27 16:58:29,38.421,-121.4238,56.08,85,0,4.61
84,Henties Bay,NA,2022-01-27 16:58:30,-22.116,14.2845,65.86,82,58,13.85
85,Takoradi,GH,2022-01-27 16:58:30,4.8845,-1.7554,83.32,65,10,11.01
86,Torbay,CA,2022-01-27 16:59:30,47.6666,-52.7314,24.39,82,75,12.66
87,Phan Thiet,VN,2022-01-27 16:59:31,10.9333,108.1,72.57,78,98,4.16
88,Oktyabrskiy,RU,2022-01-27 16:59:31,54.4815,53.471,5.23,98,92,4.54
89,Souillac,MU,2022-01-27 16:59:31,-20.5167,57.5167,77.38,78,40,5.75
90,Vytegra,RU,2022-01-27 16:59:32,61.0064,36.4481,18.82,93,100,11.34
91,Bemidji,US,2022-01-27 16:59:07,47.4736,-94.8803,10.69,65,0,16.11
92,Kuching,MY,2022-01-27 16:59:32,1.55,110.3333,77.22,94,20,0.0
93,Pangai,TO,2022-01-27 16:59:32,-19.8,-174.35,82.98,77,56,15.35
94,Mus,TR,2022-01-27 16:55:16,39.0,41.75,21.04,95,100,2.89
95,Khasan,RU,2022-01-27 16:59:33,42.4308,130.6434,18.75,57,1,19.26
96,Benicarlo,ES,2022-01-27 16:59:33,40.4165,0.4271,51.69,53,0,4.12
97,Union,US,2022-01-27 16:59:34,40.6334,-74.2663,32.27,49,19,4.0
98,Qaanaaq,GL,2022-01-27 16:56:28,77.484,-69.3632,-7.11,67,97,6.8
99,Amapa,BR,2022-01-27 16:59:34,1.0,-52.0,79.41,87,90,3.65
100,Carnarvon,AU,2022-01-27 16:59:34,-24.8667,113.6333,75.27,83,40,11.5
101,Isabela,PH,2022-01-27 16:57:13,6.7085,121.9711,78.67,84,93,3.18
102,Mar Del Plata,AR,2022-01-27 16:59:35,-38.0023,-57.5575,66.22,69,40,11.99
103,Krasnovishersk,RU,2022-01-27 16:59:35,60.4078,57.082,9.84,96,100,5.35
104,Mahebourg,MU,2022-01-27 16:59:35,-20.4081,57.7,77.29,78,40,5.75
105,Dubbo,AU,2022-01-27 16:59:36,-32.25,148.6167,69.93,78,75,8.05
106,Killybegs,IE,2022-01-27 16:59:36,54.6333,-8.45,47.91,72,67,8.41
107,Castro,BR,2022-01-27 16:59:36,-24.7911,-50.0119,70.92,93,97,7.05
108,Talara,PE,2022-01-27 16:59:37,-4.5772,-81.2719,84.96,48,0,16.11
109,Clyde River,CA,2022-01-27 16:59:37,70.4692,-68.5914,-5.57,77,100,35.68
110,Blythe,US,2022-01-27 16:59:37,33.6103,-114.5964,51.03,20,0,5.91
111,Komsomolskiy,UZ,2022-01-27 16:59:38,40.4272,71.7189,36.82,69,0,4.61
112,Dwarka,IN,2022-01-27 16:59:38,22.2394,68.9678,67.95,46,0,12.33
113,Kavaratti,IN,2022-01-27 16:59:38,10.5669,72.642,78.8,69,60,7.47
114,Neunkirchen,DE,2022-01-27 16:59:39,49.35,7.1833,37.09,82,100,1.01
115,Nanortalik,GL,2022-01-27 16:59:39,60.1432,-45.2371,22.48,69,92,28.52
116,Arraial Do Cabo,BR,2022-01-27 16:59:39,-22.9661,-42.0278,94.96,58,0,14.97
117,Turukhansk,RU,2022-01-27 16:59:40,65.8167,87.9833,-3.35,92,100,14.47
118,New Norfolk,AU,2022-01-27 16:59:40,-42.7826,147.0587,69.3,67,96,2.44
119,Cap Estate,LC,2022-01-27 16:59:40,14.0833,-60.95,83.79,65,75,10.36
120,Tasiilaq,GL,2022-01-27 16:59:41,65.6145,-37.6368,12.0,94,100,16.33
121,Buraydah,SA,2022-01-27 16:59:41,26.326,43.975,57.65,26,9,12.66
122,Iqaluit,CA,2022-01-27 16:59:42,63.7506,-68.5145,-9.31,76,100,8.01
123,Stolin,BY,2022-01-27 16:59:42,51.8912,26.846,32.74,97,100,12.44
124,Gurupi,BR,2022-01-27 16:59:42,-11.7292,-49.0686,73.38,90,100,3.8
125,Port Hardy,CA,2022-01-27 16:59:43,50.6996,-127.4199,37.76,93,20,0.0
126,Farsund,NO,2022-01-27 16:59:43,58.0948,6.8047,43.05,6,92,34.0
127,Dingle,PH,2022-01-27 16:58:23,10.9995,122.6711,75.65,92,75,6.22
128,Guerrero Negro,MX,2022-01-27 16:59:12,27.9769,-114.0611,65.08,43,90,2.46
129,Lida,BY,2022-01-27 16:59:44,53.8833,25.2997,32.45,97,100,17.18
130,Silver City,US,2022-01-27 17:00:44,32.7701,-108.2803,47.66,30,0,1.01
131,Zheleznodorozhnyy,RU,2022-01-27 17:00:44,55.7503,38.0042,19.81,95,99,8.81
132,Haines Junction,CA,2022-01-27 17:00:14,60.7522,-137.5108,18.05,97,100,2.28
133,Qabaqcol,AZ,2022-01-27 17:00:45,41.72,46.2647,42.66,64,100,1.5
134,Barra,BR,2022-01-27 16:59:00,-11.0894,-43.1417,82.58,58,100,1.32
135,Sorland,NO,2022-01-27 17:00:45,67.667,12.6934,34.16,87,100,36.33
136,Rivera,UY,2022-01-27 17:00:46,-30.9053,-55.5508,82.6,38,61,15.77
137,Aguai,BR,2022-01-27 17:00:46,-22.0594,-46.9786,81.84,63,20,7.09
138,Ojinaga,MX,2022-01-27 17:00:46,29.5667,-104.4167,52.57,71,0,4.61
139,Mumford,GH,2022-01-27 17:00:47,5.2618,-0.759,82.67,68,8,9.98
140,Jamestown,US,2022-01-27 16:57:48,42.097,-79.2353,23.02,31,97,10.0
141,Gwadar,PK,2022-01-27 17:00:47,25.1216,62.3254,69.28,36,0,4.72
142,Minot,US,2022-01-27 16:56:02,48.2325,-101.2963,13.12,96,96,5.41
143,Abu Samrah,SY,2022-01-27 17:00:48,35.3029,37.1841,39.9,77,27,11.95
144,Kodiak,US,2022-01-27 16:59:01,57.79,-152.4072,34.34,99,100,15.32
145,Broome,US,2022-01-27 17:00:48,42.2506,-75.833,24.62,58,86,5.01
146,Noumea,NC,2022-01-27 16:58:27,-22.2763,166.4572,81.0,99,11,6.91
147,Tiksi,RU,2022-01-27 17:00:49,71.6872,128.8694,-11.92,97,36,11.14
148,Minbu,MM,2022-01-27 17:00:49,20.1833,94.8833,68.23,66,0,6.89
149,Bandiagara,ML,2022-01-27 17:00:49,14.3501,-3.6104,87.51,7,4,9.24
150,Cherskiy,RU,2022-01-27 17:00:50,68.75,161.3,-39.06,97,21,2.19
151,Marrakesh,MA,2022-01-27 17:00:50,31.6315,-8.0083,66.27,37,75,5.75
152,Ilulissat,GL,2022-01-27 17:00:50,69.2167,-51.1,10.42,61,100,16.11
153,Havre-Saint-Pierre,CA,2022-01-27 17:00:51,50.2334,-63.5986,7.83,80,80,4.74
154,Leh,IN,2022-01-27 17:00:51,34.1667,77.5833,-11.11,76,9,3.51
155,Codrington,AU,2022-01-27 17:00:52,-38.2667,141.9667,66.47,95,5,6.2
156,Mercedes,AR,2022-01-27 17:00:52,-34.6515,-59.4307,74.86,41,29,10.98
157,Idio,PH,2022-01-27 17:00:52,11.6238,122.0979,77.38,90,88,6.6
158,Antropovo,RU,2022-01-27 17:00:53,58.3988,43.0066,6.64,98,100,5.97
159,Dryden,CA,2022-01-27 17:00:53,49.7833,-92.7503,-2.87,81,78,10.22
160,Quirinopolis,BR,2022-01-27 17:00:53,-18.4483,-50.4517,86.9,49,99,6.8
161,College,US,2022-01-27 16:58:47,64.8569,-147.8028,-11.42,79,100,2.06
162,Port Keats,AU,2022-01-27 17:00:54,-14.25,129.55,82.0,80,75,12.06
163,Asau,RO,2022-01-27 17:00:54,46.4333,26.4,34.72,91,95,7.02
164,Tono,JP,2022-01-27 17:00:55,39.3167,141.5333,17.69,93,18,3.02
165,Povenets,RU,2022-01-27 17:00:55,62.8487,34.8262,20.08,95,100,9.62
166,Kurchum,KZ,2022-01-27 17:00:56,48.5722,83.6542,-6.2,99,86,3.51
167,Ribeira Grande,PT,2022-01-27 17:00:56,38.5167,-28.7,61.2,67,40,9.22
168,Klaksvik,FO,2022-01-27 17:00:56,62.2266,-6.589,34.72,71,83,11.25
169,Madingou,CG,2022-01-27 17:00:57,-4.1536,13.55,80.17,79,49,2.98
170,Mongoumba,CF,2022-01-27 17:00:58,3.6415,18.5936,85.26,20,28,1.92
171,Huangnihe,CN,2022-01-27 17:00:58,43.5583,128.0239,-1.01,98,28,5.03
172,Santarem,BR,2022-01-27 17:00:58,-2.4431,-54.7083,78.46,81,98,3.83
173,Jimeta,NG,2022-01-27 17:00:59,9.2833,12.4667,87.58,13,68,5.41
174,Aklavik,CA,2022-01-27 17:00:59,68.2191,-135.0107,-10.48,95,100,1.16
175,Chapais,CA,2022-01-27 17:01:59,49.7834,-74.8492,6.58,92,100,14.76
176,Tocache,PE,2022-01-27 17:02:00,-8.1842,-76.5125,87.03,52,100,0.27
177,Adrar,MR,2022-01-27 17:02:00,20.5022,-10.0711,82.42,8,98,12.48
178,Newport,GB,2022-01-27 17:02:01,51.5877,-2.9984,51.69,73,17,4.0
179,Nome,US,2022-01-27 16:59:19,64.5011,-165.4064,-13.07,84,0,5.21
180,Abu Zabad,SD,2022-01-27 17:02:01,12.35,29.25,70.21,17,33,16.37
181,Mangai,CD,2022-01-27 17:02:02,-4.05,19.5333,78.84,61,91,2.21
182,Shubarkuduk,KZ,2022-01-27 17:02:02,49.1447,56.4872,18.59,85,100,11.79
183,Bandipur,NP,2022-01-27 17:02:03,27.9333,84.4167,44.02,79,36,1.57
184,Jiuquan,CN,2022-01-27 17:02:03,39.7432,98.5174,20.53,41,51,2.1
185,Baca,MX,2022-01-27 17:02:04,21.1,-89.4167,84.22,58,35,6.08
186,Nardaran,AZ,2022-01-27 17:02:04,40.5561,50.0056,40.64,87,100,23.02
187,Changanacheri,IN,2022-01-27 17:02:05,9.4667,76.55,74.44,89,97,2.46
188,Poya,NC,2022-01-27 17:02:05,-21.35,165.15,77.38,87,20,4.45
189,Moyale,KE,2022-01-27 17:02:06,3.5167,39.0584,75.79,25,100,9.31
190,Ariquemes,BR,2022-01-27 17:00:26,-9.9133,-63.0408,80.73,88,100,4.12
191,Singosari,ID,2022-01-27 17:02:06,-7.8924,112.6658,71.15,95,100,2.08
192,San Pedro De Macoris,DO,2022-01-27 17:02:06,18.4616,-69.2972,84.38,55,28,6.82
193,Tiznit,MA,2022-01-27 17:02:07,29.5833,-9.5,58.68,40,67,19.28
194,Puerto Penasco,MX,2022-01-27 17:02:07,31.3167,-113.5333,55.9,39,8,9.19
195,Palauig,PH,2022-01-27 17:02:07,15.435,119.9045,79.18,78,24,3.87
196,Yumen,CN,2022-01-27 17:02:08,40.2833,97.2,20.48,43,8,8.68
197,Jumla,NP,2022-01-27 17:02:08,29.2747,82.1838,28.49,90,80,1.81
198,Beringovskiy,RU,2022-01-27 16:59:10,63.05,179.3167,7.05,97,100,3.6
199,Morozovsk,RU,2022-01-27 17:02:09,48.3539,41.8261,24.49,98,96,5.59
200,Gravdal,NO,2022-01-27 17:02:09,68.1214,13.5031,33.21,92,100,26.13
201,Camacha,PT,2022-01-27 17:02:09,33.0833,-16.3333,58.42,67,40,13.8
202,Miandrivazo,MG,2022-01-27 17:02:10,-19.5167,45.4667,81.54,70,65,5.82
203,Saint-Augustin,CA,2022-01-27 17:02:10,51.226,-58.6502,-1.07,75,2,5.77
204,Clarksburg,US,2022-01-27 16:57:41,39.2807,-80.3445,35.29,55,6,7.36
205,Chuncheng,CN,2022-01-27 17:02:11,22.1731,111.7886,64.58,93,35,1.36
206,Onega,RU,2022-01-27 17:02:11,63.9061,38.1404,17.78,94,100,10.4
207,Jizan,SA,2022-01-27 17:02:11,17.3333,42.6667,79.9,67,10,8.23
208,Santa Fe,AR,2022-01-27 16:57:50,-31.6333,-60.7,80.02,48,54,8.01
209,Madera,US,2022-01-27 16:57:49,37.1666,-119.8343,60.98,53,0,1.83
210,Trairi,BR,2022-01-27 17:02:12,-3.2778,-39.2689,82.62,70,76,8.81
211,Gold Coast,AU,2022-01-27 17:02:12,-28.0,153.4333,73.99,94,100,13.8
212,Roebourne,AU,2022-01-27 16:59:40,-20.7833,117.1333,79.59,70,33,19.24
213,Road Town,VG,2022-01-27 17:02:13,18.4167,-64.6167,80.01,66,0,15.21
214,Fortuna,US,2022-01-27 17:02:13,40.5982,-124.1573,38.32,100,0,10.36
215,Sao Raimundo Nonato,BR,2022-01-27 17:02:13,-9.0153,-42.6994,88.86,45,99,4.72
216,Puerto Escondido,MX,2022-01-27 17:02:14,15.85,-97.0667,83.98,54,4,6.06
217,Miri,MY,2022-01-27 17:02:14,4.4148,114.0089,77.4,86,99,2.1
218,Urucara,BR,2022-01-27 17:02:14,-2.5364,-57.76,82.0,85,91,2.59
219,Amalapuram,IN,2022-01-27 17:02:15,16.5833,82.0167,69.69,89,3,4.61
220,Saint George,US,2022-01-27 17:00:52,37.1041,-113.5841,46.35,47,0,4.61
221,Eureka,US,2022-01-27 17:00:10,40.8021,-124.1637,38.59,52,0,4.59
222,San Policarpo,PH,2022-01-27 17:02:15,12.1791,125.5072,79.9,81,67,9.93
223,Nang Rong,TH,2022-01-27 17:03:16,14.6377,102.7914,85.32,40,80,3.83
224,Norsup,VU,2022-01-27 17:03:16,-16.0667,167.3833,79.3,89,100,14.03
225,Tomatlan,MX,2022-01-27 17:03:16,19.9333,-105.25,83.8,37,85,2.53
226,Pizarro,CO,2022-01-27 17:03:17,4.9533,-77.366,79.99,81,30,4.0
227,Coromandel,BR,2022-01-27 17:03:17,-18.4733,-47.2003,78.17,66,27,3.2
228,Kropotkin,RU,2022-01-27 17:03:17,45.4375,40.5756,24.49,92,92,4.92
229,Sampit,ID,2022-01-27 17:03:18,-2.5333,112.95,74.91,95,100,2.24
230,Sompeta,IN,2022-01-27 17:02:06,18.9333,84.6,68.41,64,45,3.89
231,Kabwe,ZM,2022-01-27 17:03:18,-14.4469,28.4464,66.72,91,92,4.25
232,Gobabis,NA,2022-01-27 17:03:18,-22.45,18.9667,84.6,27,77,14.45
233,Soyo,AO,2022-01-27 17:03:19,-6.1349,12.3689,80.69,77,4,10.45
234,Hamilton,US,2022-01-27 16:59:30,39.1834,-84.5333,32.36,52,86,3.0
235,Barcelos,PT,2022-01-27 17:03:19,41.5388,-8.6151,62.85,62,0,3.11
236,Tura,IN,2022-01-27 17:03:20,25.5198,90.2201,52.23,53,0,0.92
237,Pierre,US,2022-01-27 17:00:35,44.3683,-100.351,36.52,71,100,5.01
238,Lamar,US,2022-01-27 17:03:20,33.6668,-95.5836,49.98,39,100,5.75
239,Cap-Aux-Meules,CA,2022-01-27 17:03:20,47.3821,-61.8597,16.21,58,100,7.25
240,Lompoc,US,2022-01-27 17:00:58,34.6391,-120.4579,61.57,74,0,1.99
241,San Cristobal,VE,2022-01-27 17:03:21,7.7669,-72.225,77.18,44,87,1.5
242,Tucuma,BR,2022-01-27 17:03:21,-0.1833,-50.05,83.19,69,85,4.63
243,Isiro,CD,2022-01-27 17:03:22,2.7739,27.616,76.3,37,100,2.86
244,Sitka,US,2022-01-27 17:03:22,57.0531,-135.33,42.69,70,100,13.8
245,Itarema,BR,2022-01-27 17:03:22,-2.9248,-39.9167,84.56,60,98,12.28
246,Shingu,JP,2022-01-27 17:01:01,33.7333,135.9833,38.86,77,3,6.8
247,Houlton,US,2022-01-27 17:02:11,46.1262,-67.8403,7.21,40,0,8.05
248,Gizo,SB,2022-01-27 17:03:23,-8.103,156.8419,78.91,86,100,12.28
249,Honggang,CN,2022-01-27 17:03:23,46.4667,124.8667,-4.18,93,20,7.34
250,Sao Filipe,CV,2022-01-27 17:00:51,14.8961,-24.4956,73.72,71,95,12.57
251,Matara,LK,2022-01-27 17:03:23,5.9485,80.5353,74.08,81,100,9.86
252,Saint-Pierre,RE,2022-01-27 17:03:24,-21.3393,55.4781,76.68,69,75,8.05
253,Nicoya,CR,2022-01-27 17:03:24,10.1483,-85.452,91.69,25,3,9.31
254,Vao,NC,2022-01-27 17:03:25,-22.6667,167.4833,78.66,84,34,13.69
255,Boyolangu,ID,2022-01-27 17:03:25,-8.1181,111.8935,76.64,89,100,2.04
256,Vardo,NO,2022-01-27 17:00:12,70.3705,31.1107,21.18,79,75,17.27
257,Lata,PT,2022-01-27 17:03:25,40.1629,-8.3327,61.92,55,10,6.26
258,Kangaatsiaq,GL,2022-01-27 17:03:26,68.3065,-53.4641,4.21,83,100,22.62
259,Vila Velha,BR,2022-01-27 17:03:01,-20.3297,-40.2925,89.55,68,0,11.99
260,Ahipara,NZ,2022-01-27 17:03:26,-35.1667,173.1667,58.62,89,4,7.11
261,Jacareacanga,BR,2022-01-27 17:03:12,-6.2222,-57.7528,91.42,50,100,1.07
262,Nsanje,MW,2022-01-27 17:00:52,-16.92,35.262,76.48,95,100,4.03
263,Hambantota,LK,2022-01-27 17:01:05,6.1241,81.1185,76.48,72,92,17.78
264,Auburn,US,2022-01-27 16:59:46,47.3073,-122.2284,38.39,97,99,1.01
265,San Vicente,AR,2022-01-27 17:03:27,-26.6167,-54.1333,77.25,95,86,3.67
266,Marawi,PH,2022-01-27 17:01:27,7.9986,124.2928,63.64,95,60,1.34
267,Lorengau,PG,2022-01-27 17:01:42,-2.0226,147.2712,80.92,76,96,5.91
268,Vilela,PT,2022-01-27 17:03:27,41.2251,-7.6034,47.32,53,0,3.0
269,Yeppoon,AU,2022-01-27 17:03:28,-23.1333,150.7333,73.18,64,67,15.19
270,Ayapel,CO,2022-01-27 17:03:28,8.3137,-75.1398,87.3,61,87,3.98
271,Meulaboh,ID,2022-01-27 17:04:28,4.1363,96.1285,78.04,82,80,2.26
272,Ivaipora,BR,2022-01-27 17:02:39,-24.2478,-51.6847,75.61,91,99,5.84
273,Durban,ZA,2022-01-27 17:04:29,-29.8579,31.0292,81.01,86,1,1.99
274,La Ronge,CA,2022-01-27 17:04:29,55.1001,-105.2842,-7.1,94,54,4.41
275,Mpraeso,GH,2022-01-27 17:04:30,6.5932,-0.7346,90.66,18,1,6.73
276,Chuy,UY,2022-01-27 17:04:30,-33.6971,-53.4616,73.27,50,5,14.7
277,Elliot Lake,CA,2022-01-27 17:04:29,46.3834,-82.6331,23.09,91,100,11.14
278,Cabedelo,BR,2022-01-27 17:04:31,-6.9811,-34.8339,81.27,69,31,10.07
279,Cidreira,BR,2022-01-27 17:04:31,-30.1811,-50.2056,74.75,79,100,19.17
280,Harsud,IN,2022-01-27 17:04:31,22.1,76.7333,57.24,38,1,7.58
281,Kez,RU,2022-01-27 17:04:32,57.8979,53.7152,3.51,98,99,5.7
282,Hastings,GB,2022-01-27 17:04:32,50.8552,0.5729,50.92,79,76,8.57
283,Olavarria,AR,2022-01-27 17:04:32,-36.8927,-60.3225,72.01,48,15,7.78
284,Abu Kamal,SY,2022-01-27 17:04:32,34.4506,40.9171,49.01,56,72,14.16
285,Manzhouli,CN,2022-01-27 17:04:33,49.6,117.4333,-10.73,96,16,7.43
286,Grand Gaube,MU,2022-01-27 17:04:33,-20.0064,57.6608,77.4,73,22,1.99
287,Esperance,AU,2022-01-27 17:04:33,-33.8667,121.9,63.55,83,69,10.25
288,Port Hedland,AU,2022-01-27 17:04:34,-20.3167,118.5667,80.65,78,51,12.66
289,Isla Mujeres,MX,2022-01-27 17:04:34,21.2311,-86.731,80.65,79,8,7.45
290,Rumoi,JP,2022-01-27 17:04:34,43.9344,141.6428,15.48,88,74,6.71
291,Sandpoint,US,2022-01-27 17:01:55,48.2766,-116.5533,28.56,92,0,3.44
292,Tessalit,ML,2022-01-27 17:04:35,20.1986,1.0114,74.95,12,59,11.25
293,Luena,AO,2022-01-27 17:04:35,-11.7833,19.9167,63.63,93,81,9.35
294,Rawson,AR,2022-01-27 17:04:19,-43.3002,-65.1023,83.12,31,1,14.41
295,Fano,IT,2022-01-27 17:04:36,43.8204,13.0121,50.85,84,61,4.16
296,Norman Wells,CA,2022-01-27 17:04:36,65.282,-126.8329,-5.21,99,100,1.66
297,Hualmay,PE,2022-01-27 17:04:36,-11.0964,-77.6139,75.16,74,94,11.61
298,Show Low,US,2022-01-27 17:01:00,34.2542,-110.0298,36.14,53,0,0.0
299,Kenora,CA,2022-01-27 17:04:37,49.8167,-94.4337,-0.42,70,72,11.01
300,Vanderhoof,CA,2022-01-27 17:04:37,54.0166,-124.0198,14.25,97,99,2.15
301,Murgab,TM,2022-01-27 17:04:37,37.4966,61.9714,61.25,30,100,22.82
302,Te Anau,NZ,2022-01-27 17:04:38,-45.4167,167.7167,42.73,86,100,1.63
303,Atikokan,CA,2022-01-27 17:04:38,48.7555,-91.6216,-0.31,81,69,10.16
304,Novikovo,RU,2022-01-27 17:04:38,51.1537,37.8879,5.5,99,98,4.0
305,Walvis Bay,NA,2022-01-27 17:04:39,-22.9575,14.5053,65.08,74,41,18.9
306,Talcahuano,CL,2022-01-27 17:04:39,-36.7167,-73.1167,67.68,68,40,10.36
307,East London,ZA,2022-01-27 17:04:39,-33.0153,27.9116,77.94,88,75,6.91
308,Dhidhdhoo,MV,2022-01-27 17:00:00,6.8833,73.1,80.04,58,18,8.28
309,Ancud,CL,2022-01-27 17:04:40,-41.8697,-73.8203,81.43,58,0,7.56
310,Dosso,NE,2022-01-27 17:04:40,13.049,3.1937,84.65,12,2,8.28
311,Rajapur,IN,2022-01-27 17:04:40,25.3833,81.15,52.86,67,0,6.13
312,Khandbari,NP,2022-01-27 17:04:41,27.3747,87.2039,47.75,75,82,2.21
313,Akyab,MM,2022-01-27 17:04:41,20.15,92.9,69.53,73,0,12.19
314,Taiobeiras,BR,2022-01-27 17:04:41,-15.8078,-42.2331,78.4,65,39,5.06
315,Richards Bay,ZA,2022-01-27 17:04:42,-28.783,32.0377,80.58,77,2,15.08
316,Kalabo,ZM,2022-01-27 17:04:42,-14.97,22.6814,68.0,91,100,2.8
317,Teya,RU,2022-01-27 17:04:42,60.3778,92.6267,-11.34,100,92,2.59
318,Cairns,AU,2022-01-27 17:04:43,-16.9167,145.7667,78.06,100,40,1.14
319,Ascension,US,2022-01-27 17:04:43,30.2169,-90.9001,55.08,49,0,0.0
320,Dovolnoye,RU,2022-01-27 17:05:43,54.4958,79.6671,-9.11,100,90,6.71
321,Puerto Princesa,PH,2022-01-27 17:05:44,9.7392,118.7353,78.39,91,100,6.38
322,Bubaque,GW,2022-01-27 17:01:26,11.2833,-15.8333,79.56,67,35,12.48
323,Severnyy,RU,2022-01-27 17:05:44,50.677,36.5532,17.64,93,40,4.47
324,Belton,US,2022-01-27 17:04:01,38.812,-94.5319,36.45,71,0,6.91
325,Tazmalt,DZ,2022-01-27 17:05:45,36.3868,4.3989,50.95,51,5,1.59
326,Birjand,IR,2022-01-27 17:05:45,32.8663,59.2211,51.13,41,20,9.35
327,Ambilobe,MG,2022-01-27 17:05:45,-13.2,49.05,74.64,89,46,2.48
328,Santa Clara,CU,2022-01-27 17:05:45,22.4,-79.9667,86.02,46,1,1.92
329,Pangody,RU,2022-01-27 17:05:46,65.85,74.4859,8.51,87,100,16.26
330,Dongsheng,CN,2022-01-27 17:05:46,39.8161,109.9776,15.87,38,100,5.55
331,Ducheng,CN,2022-01-27 17:05:14,23.2373,111.5317,61.95,79,71,3.6
332,Lima,PE,2022-01-27 17:04:34,-12.0432,-77.0282,76.39,79,0,1.99
333,Kearney,US,2022-01-27 17:02:14,40.6995,-99.0815,36.52,70,99,10.0
334,Cuamba,MZ,2022-01-27 17:05:47,-14.8031,36.5372,72.09,94,99,3.4
335,Piopio,NZ,2022-01-27 17:05:47,-38.4667,175.0167,43.43,88,0,1.39
336,Chadiza,ZM,2022-01-27 17:05:48,-14.0678,32.4392,68.72,92,100,1.86
337,Sioux Lookout,CA,2022-01-27 17:01:55,50.1001,-91.917,-4.9,85,77,10.56
338,Yashkul,RU,2022-01-27 17:05:48,46.1711,45.3435,28.69,96,100,6.53
339,Berlevag,NO,2022-01-27 17:05:48,70.8578,29.0864,21.2,79,0,16.11
340,Mount Pleasant,US,2022-01-27 17:05:49,32.7941,-79.8626,49.17,32,0,4.0
341,Churapcha,RU,2022-01-27 17:05:49,62.0025,132.4325,-45.96,100,58,2.57
342,Sunyani,GH,2022-01-27 17:05:49,7.3399,-2.3268,95.31,16,2,2.73
343,Shinpokh,PK,2022-01-27 17:05:50,34.3292,71.1782,49.41,30,0,4.59
344,Ambon,ID,2022-01-27 17:05:50,-3.6954,128.1814,77.14,88,20,5.75
345,Naze,JP,2022-01-27 17:05:50,28.3667,129.4833,59.25,80,98,9.6
346,Kralendijk,BQ,2022-01-27 17:05:51,12.15,-68.2667,85.98,58,75,14.97
347,Fairbanks,US,2022-01-27 17:01:59,64.8378,-147.7164,-11.4,79,100,1.79
348,Homer,US,2022-01-27 17:05:51,59.6425,-151.5483,28.27,93,100,10.36
349,Alyangula,AU,2022-01-27 17:05:52,-13.8483,136.4192,83.71,78,100,18.37
350,Salas,ES,2022-01-27 17:05:52,43.4118,-6.2602,49.35,88,8,3.71
351,Sandnessjoen,NO,2022-01-27 17:03:09,66.0217,12.6316,35.71,94,75,5.01
352,Tromso,NO,2022-01-27 17:05:52,69.6496,18.957,24.82,86,75,9.22
353,Christchurch,NZ,2022-01-27 17:05:53,-43.5333,172.6333,55.02,77,100,0.0
354,Frohnleiten,AT,2022-01-27 17:05:53,47.2667,15.3167,34.95,91,100,5.28
355,Thongwa,MM,2022-01-27 17:05:53,16.7619,96.5278,75.36,59,4,6.85
356,Pasighat,IN,2022-01-27 17:05:54,28.0667,95.3333,54.0,91,58,3.56
357,Kiruna,SE,2022-01-27 17:05:54,67.8557,20.2251,7.72,85,97,3.44
358,Del Rio,US,2022-01-27 17:05:54,29.3627,-100.8968,54.43,66,100,3.44
359,Salvador,SV,2022-01-27 17:05:55,13.8333,-88.9167,84.6,33,14,4.0
360,Biak,ID,2022-01-27 17:05:55,-0.9131,122.8766,76.17,87,72,3.29
361,Elko,US,2022-01-27 17:00:58,41.0002,-115.5012,22.64,77,0,5.99
362,Tuatapere,NZ,2022-01-27 17:05:55,-46.1333,167.6833,40.82,82,100,3.38
363,Hofn,IS,2022-01-27 17:05:56,64.2539,-15.2082,33.48,54,100,5.79
364,Egvekinot,RU,2022-01-27 17:05:56,66.3167,-179.1667,-9.74,96,100,0.92
365,Acapulco,MX,2022-01-27 17:03:06,16.8634,-99.8901,82.22,74,0,6.91
366,Ballina,AU,2022-01-27 17:06:57,-28.8667,153.5667,69.84,98,56,8.43
367,Samarai,PG,2022-01-27 17:06:57,-10.6167,150.6667,81.16,78,100,8.32
368,Juneau,US,2022-01-27 17:06:57,58.3019,-134.4197,39.22,90,100,1.01
369,Opuwo,NA,2022-01-27 17:06:58,-18.0607,13.84,81.79,45,93,19.51
370,Geraldton,AU,2022-01-27 17:06:58,-28.7667,114.6,72.01,68,0,14.97
371,Chatham,GB,2022-01-27 17:06:58,51.3789,0.5279,51.12,73,49,3.0
372,Zhigansk,RU,2022-01-27 17:06:59,66.7697,123.3711,-26.77,100,78,5.82
373,Aljezur,PT,2022-01-27 17:06:59,37.3191,-8.8033,61.2,58,71,9.19
374,The Pas,CA,2022-01-27 17:06:59,53.8251,-101.2541,-12.08,93,68,7.45
375,Kirksville,US,2022-01-27 17:07:00,40.1948,-92.5833,33.75,63,0,4.0
376,Srednekolymsk,RU,2022-01-27 17:02:18,67.45,153.6833,-42.93,100,70,1.34
377,Kyra,RU,2022-01-27 17:07:00,49.5776,111.9753,-6.84,96,42,4.65
378,Thinadhoo,MV,2022-01-27 17:07:00,0.5333,72.9333,81.16,70,100,12.95
379,Mayo,US,2022-01-27 17:07:01,38.8876,-76.5119,34.95,47,0,7.0
380,Williams Lake,CA,2022-01-27 17:07:01,52.1415,-122.1445,15.57,94,80,3.62
381,Orsta,NO,2022-01-27 17:07:01,62.2029,6.1272,41.36,70,75,11.5
382,Thunder Bay,CA,2022-01-27 17:07:02,48.4001,-89.3168,6.3,60,26,8.01
383,Masuda,JP,2022-01-27 17:07:02,34.6667,131.85,41.34,73,36,0.49
384,Bandarbeyla,SO,2022-01-27 17:02:30,9.4942,50.8122,75.87,68,100,16.33
385,Netanya,IL,2022-01-27 17:07:02,32.3329,34.8599,55.04,62,50,13.49
386,Ellsworth,US,2022-01-27 17:07:03,44.5434,-68.4195,15.53,59,0,1.01
387,Bambanglipuro,ID,2022-01-27 17:07:03,-7.95,110.2833,77.22,90,100,6.26
388,Kismayo,SO,2022-01-27 17:07:04,-0.3582,42.5454,77.68,77,7,14.65
389,Awjilah,LY,2022-01-27 17:07:04,29.1081,21.2869,54.39,55,25,8.75
390,Belvedere Marittimo,IT,2022-01-27 17:07:04,39.6179,15.8617,51.12,79,79,4.07
391,Vestmannaeyjar,IS,2022-01-27 17:07:05,63.4427,-20.2734,38.39,93,40,12.66
392,Manaquiri,BR,2022-01-27 17:07:05,-3.3167,-60.35,86.49,70,99,2.64
393,Santacruz,CO,2022-01-27 17:07:05,1.5209,-77.2621,59.0,98,100,2.17
394,Mitsamiouli,KM,2022-01-27 17:07:06,-11.3847,43.2844,80.1,74,54,1.99
395,Khani,GE,2022-01-27 17:07:06,41.9563,42.9566,27.97,96,99,2.51
396,Kuala Lipis,MY,2022-01-27 17:07:06,4.1842,102.0468,76.03,80,97,0.81
397,Shima,CN,2022-01-27 17:07:07,24.4478,117.8111,62.22,85,80,4.99
398,Anahuac,MX,2022-01-27 17:07:07,27.2333,-100.15,51.3,73,100,3.91
399,Kulhudhuffushi,MV,2022-01-27 17:07:07,6.6221,73.07,80.04,56,15,8.19
400,Leningradskiy,RU,2022-01-27 17:05:22,69.3833,178.4167,-14.57,90,97,1.54
401,Vila,PT,2022-01-27 17:07:08,42.0304,-8.1588,50.88,71,0,3.98
402,Mahon,ES,2022-01-27 17:07:08,39.8885,4.2658,55.96,82,20,3.44
403,Nabire,ID,2022-01-27 17:07:08,-3.3667,135.4833,76.3,89,100,2.66
404,Raudeberg,NO,2022-01-27 17:07:09,61.9875,5.1352,38.98,79,100,5.99
405,Gladstone,AU,2022-01-27 17:07:09,-23.85,151.25,73.33,73,88,5.75
406,Puerto Carreno,CO,2022-01-27 17:07:09,6.189,-67.4859,94.68,23,100,12.73
407,Losevo,RU,2022-01-27 17:07:10,50.6767,40.045,8.08,99,93,2.33
408,Port Macquarie,AU,2022-01-27 17:07:10,-31.4333,152.9167,68.9,82,83,4.92
409,Rundu,NA,2022-01-27 17:07:10,-17.9333,19.7667,77.86,48,99,4.41
410,Jasper,US,2022-01-27 17:07:11,37.2001,-94.3502,40.68,63,40,5.01
411,Mahibadhoo,MV,2022-01-27 17:07:11,3.7833,72.9667,79.95,61,60,7.14
412,Zhezkazgan,KZ,2022-01-27 17:08:11,47.8043,67.7144,6.12,89,73,8.99
413,Cockburn Town,TC,2022-01-27 17:07:39,21.4612,-71.1419,78.03,76,5,12.82
414,Nemuro,JP,2022-01-27 17:08:12,43.3236,145.575,21.51,76,62,12.64
415,Makakilo City,US,2022-01-27 17:07:13,21.3469,-158.0858,64.72,84,0,4.61
416,Dingzhou,CN,2022-01-27 17:08:12,38.5131,114.9956,28.47,51,100,2.62
417,Kosh-Agach,RU,2022-01-27 17:08:13,50.0,88.6667,-14.08,98,98,1.86
418,Digras,IN,2022-01-27 17:06:17,20.1167,77.7167,62.37,29,0,2.75
419,San Jose,US,2022-01-27 17:05:13,37.3394,-121.895,58.05,71,0,3.44
420,Namatanai,PG,2022-01-27 17:04:15,-3.6667,152.4333,79.25,79,97,2.24
421,Pali,IN,2022-01-27 17:08:13,25.7667,73.3333,58.05,28,0,5.73
422,Mnogovershinnyy,RU,2022-01-27 17:08:14,53.9353,139.9242,-17.66,97,42,3.8
423,Ishigaki,JP,2022-01-27 17:08:14,24.3448,124.1572,71.33,74,35,5.68
424,Mabaruma,GY,2022-01-27 17:08:14,8.2,-59.7833,86.68,46,54,6.87
425,Los Llanos De Aridane,ES,2022-01-27 17:05:09,28.6585,-17.9182,61.12,73,75,1.01
426,Novoanninskiy,RU,2022-01-27 17:08:15,50.5287,42.6747,22.55,93,100,2.86
427,Olds,CA,2022-01-27 17:08:15,51.7834,-114.102,24.85,76,62,10.11
428,Mamlyutka,KZ,2022-01-27 17:08:15,54.9375,68.5394,16.23,95,100,7.67
429,Tena,EC,2022-01-27 17:08:16,-0.9833,-77.8167,79.56,72,99,1.86
430,Senno,RU,2022-01-27 17:08:16,59.5336,33.9167,19.26,94,100,9.06
431,Bluefields,NI,2022-01-27 17:08:16,12.0137,-83.7635,81.45,65,49,7.83
432,Russell,US,2022-01-27 17:08:17,32.3502,-85.1999,52.97,42,0,6.49
433,Dunedin,NZ,2022-01-27 17:05:02,-45.8742,170.5036,49.8,79,100,2.95
434,Poso,ID,2022-01-27 17:08:17,-1.3959,120.7524,76.35,89,99,3.0
435,Caravelas,BR,2022-01-27 17:05:48,-17.7125,-39.2481,85.98,57,100,8.14
436,Ohara,JP,2022-01-27 17:08:18,35.25,140.3833,44.01,77,100,12.46
437,Husavik,IS,2022-01-27 17:08:18,66.0449,-17.3389,26.15,80,65,11.9
438,Douala,CM,2022-01-27 17:08:18,4.0483,9.7043,83.61,64,66,10.65
439,Great Yarmouth,GB,2022-01-27 17:08:19,52.6083,1.7305,48.31,75,5,17.11
440,Mbaiki,CF,2022-01-27 17:08:19,3.8678,17.9892,82.98,22,43,2.28
441,Dalvik,IS,2022-01-27 17:08:19,65.9702,-18.5286,31.06,86,96,10.18
442,Vuktyl,RU,2022-01-27 17:03:24,63.8567,57.3094,5.5,97,98,4.92
443,Hirara,JP,2022-01-27 17:08:20,24.8,125.2833,70.29,73,1,1.99
444,Abatskoye,RU,2022-01-27 17:08:20,56.2875,70.4555,15.12,93,100,9.19
445,Turtas,RU,2022-01-27 17:08:21,58.9417,69.1325,13.71,92,98,9.26
446,Esso,RU,2022-01-27 17:08:21,55.9333,158.7,9.01,94,100,5.17
447,Tolstoy-Yurt,RU,2022-01-27 17:08:21,43.4444,45.7722,30.52,100,75,6.71
448,Pokhara,NP,2022-01-27 17:08:21,28.2333,83.9833,48.6,63,77,3.6
449,Kumluca,TR,2022-01-27 17:08:22,36.3703,30.2869,43.68,64,16,2.3
450,Chapleau,CA,2022-01-27 17:08:22,47.8405,-83.4034,10.13,93,100,13.2
451,Sernovodsk,RU,2022-01-27 17:08:22,43.3117,45.1594,31.19,96,100,4.97
452,Port-Gentil,GA,2022-01-27 17:08:23,-0.7193,8.7815,81.32,74,100,7.54
453,Aksarka,RU,2022-01-27 17:08:23,66.5606,67.7975,-5.51,100,96,5.35
454,Andenes,NO,2022-01-27 17:08:23,69.3143,16.1194,31.98,93,75,14.97
455,Talnakh,RU,2022-01-27 17:08:24,69.4865,88.3972,1.29,96,100,16.8
456,Vanavara,RU,2022-01-27 17:08:24,60.34,102.2797,-10.93,99,100,1.92
457,Aleksandrov Gay,RU,2022-01-27 17:08:24,50.147,48.5704,18.34,92,100,9.22
458,Nipawin,CA,2022-01-27 17:08:25,53.3668,-104.0009,-9.36,84,0,9.22
459,Ganlose,DK,2022-01-27 17:09:25,55.7912,12.2642,42.84,82,71,10.0
460,Calama,CL,2022-01-27 17:07:37,-22.4667,-68.9333,73.89,25,20,23.02
461,Touros,BR,2022-01-27 17:05:56,-5.1989,-35.4608,85.1,62,31,12.41
462,Saint Anthony,US,2022-01-27 17:09:26,45.0205,-93.218,30.13,60,40,16.11
463,Kununurra,AU,2022-01-27 17:09:26,-15.7667,128.7333,78.78,89,75,3.44
464,Paradise,US,2022-01-27 17:06:57,36.0972,-115.1467,52.48,25,0,0.0
465,Waslala,NI,2022-01-27 17:09:26,13.2333,-85.3833,81.86,41,54,6.8
466,Paragould,US,2022-01-27 17:09:27,36.0584,-90.4973,35.44,54,99,4.81
467,Hasaki,JP,2022-01-27 17:09:27,35.7333,140.8333,39.6,59,100,12.01
468,Ixtapa,MX,2022-01-27 17:09:27,20.7,-105.2,74.43,69,75,0.0
469,Tezu,IN,2022-01-27 17:09:28,27.9167,96.1667,55.51,88,91,3.62
470,Payson,US,2022-01-27 17:09:28,40.0444,-111.7321,32.92,67,20,8.05
471,Brodick,GB,2022-01-27 17:09:28,55.5754,-5.1472,46.24,84,48,11.59
472,Bardiyah,LY,2022-01-27 17:09:29,31.7561,25.0865,53.2,63,35,13.96
473,Yulara,AU,2022-01-27 17:09:29,-25.2406,130.9889,75.04,100,100,6.91
474,Espinosa,BR,2022-01-27 17:09:29,-14.9261,-42.8192,83.28,57,100,2.84
475,Columbia,US,2022-01-27 17:05:18,34.0007,-81.0348,43.66,40,20,1.99
476,Shimoda,JP,2022-01-27 17:09:30,34.6667,138.95,38.1,69,86,11.23
477,Anadyr,RU,2022-01-27 17:09:30,64.75,177.4833,-3.12,95,100,2.77
478,Sambava,MG,2022-01-27 17:09:30,-14.2667,50.1667,78.96,74,24,14.74
479,Porto Novo,BJ,2022-01-27 17:09:31,6.4965,2.6036,84.54,56,88,9.75
480,Kieta,PG,2022-01-27 17:09:31,-6.2167,155.6333,78.55,80,100,1.54
481,Vostok,RU,2022-01-27 17:09:31,46.4856,135.8833,-8.9,98,99,5.39
482,Chipinge,ZW,2022-01-27 17:09:32,-20.1883,32.6236,65.43,95,94,8.23
483,Coihueco,CL,2022-01-27 17:09:32,-36.6167,-71.8333,83.14,39,0,6.91
484,Urumqi,CN,2022-01-27 17:07:43,43.801,87.6005,-1.25,85,35,2.24
485,Dali,CN,2022-01-27 17:09:33,25.7,100.1833,40.98,88,4,4.45
486,Margate,GB,2022-01-27 17:09:33,51.3813,1.3862,49.3,69,37,5.99
487,Kavieng,PG,2022-01-27 17:09:33,-2.5744,150.7967,82.0,74,97,4.88
488,Magadan,RU,2022-01-27 17:09:34,59.5667,150.8,-1.32,97,100,9.17
489,Marzuq,YE,2022-01-27 17:09:34,14.4,46.4667,65.68,65,0,6.44
490,Nuuk,GL,2022-01-27 17:09:34,64.1835,-51.7216,9.21,85,75,9.22
491,Billings,US,2022-01-27 17:09:35,45.7833,-108.5007,35.92,52,20,16.11
492,Takaka,NZ,2022-01-27 17:06:42,-40.85,172.8,59.97,76,89,4.23
493,Okahandja,NA,2022-01-27 17:09:35,-21.9833,16.9167,84.7,29,79,15.9
494,Westerly,US,2022-01-27 17:06:18,41.3776,-71.8273,27.84,53,0,5.75
495,Whitehaven,GB,2022-01-27 17:09:35,54.549,-3.5841,45.84,92,49,5.01
496,Eyl,SO,2022-01-27 17:06:27,7.9803,49.8164,75.52,67,100,19.17
497,Komsomolets,KZ,2022-01-27 17:09:36,53.7453,62.0708,4.62,99,87,4.79
498,Tateyama,JP,2022-01-27 17:06:20,34.9833,139.8667,44.1,59,100,10.71
499,Maine-Soroa,NE,2022-01-27 17:09:36,13.2114,12.0241,72.57,22,30,12.95
500,Klyuchi,RU,2022-01-27 17:09:37,52.2667,79.1667,-4.36,100,78,6.11
501,Zabol,AF,2022-01-27 17:09:37,32.25,67.25,33.87,47,0,1.12
502,Marienburg,PL,2022-01-27 17:09:37,54.0359,19.0266,42.46,81,100,18.19
503,Umm Kaddadah,SD,2022-01-27 17:09:38,13.6017,26.6876,63.75,21,100,16.42
504,Qaqortoq,GL,2022-01-27 17:09:38,60.7167,-46.0333,23.5,72,95,24.96
505,Saint-Francois,FR,2022-01-27 17:10:38,46.4154,3.9054,27.68,100,100,3.44
506,Antalaha,MG,2022-01-27 17:09:37,-14.9003,50.2788,75.99,77,22,10.83
507,Okhotsk,RU,2022-01-27 17:10:39,59.3833,143.3,-7.38,76,98,16.26
508,Lardos,GR,2022-01-27 17:10:39,36.0942,28.0157,48.02,50,0,8.75
509,Amahai,ID,2022-01-27 17:10:39,-3.3333,128.9167,78.82,86,83,1.74
510,San Pedro,PH,2022-01-27 17:10:40,14.35,121.0167,80.35,83,36,8.08
511,Yatou,CN,2022-01-27 17:10:40,37.15,122.3833,29.1,48,99,15.75
512,Kaeo,NZ,2022-01-27 17:10:40,-35.1,173.7833,67.32,83,43,14.16
513,Aksu,CN,2022-01-27 17:10:41,41.1231,80.2644,24.12,50,0,4.14
514,Saint-Marc-Des-Carrieres,CA,2022-01-27 17:10:41,46.6834,-72.0491,4.96,81,98,3.58
515,Kargil,IN,2022-01-27 17:10:42,34.5667,76.1,-20.74,91,41,3.36
516,Faanui,PF,2022-01-27 17:10:42,-16.4833,-151.75,80.6,77,59,16.51
517,Dubai,AE,2022-01-27 17:07:36,25.2582,55.3047,76.21,60,0,5.75
518,Pangkalanbuun,ID,2022-01-27 17:06:18,-2.6833,111.6167,74.82,97,100,3.24
519,Sakakah,SA,2022-01-27 17:10:42,29.9697,40.2064,45.64,55,37,12.5
520,Raga,SS,2022-01-27 17:10:43,8.4596,25.678,76.23,17,99,5.1
521,Khandyga,RU,2022-01-27 17:10:43,62.6667,135.6,-49.9,100,55,1.03
522,Bull Savanna,JM,2022-01-27 17:10:43,17.8868,-77.5902,80.33,62,8,7.4
523,Gat,IL,2022-01-27 17:10:44,31.61,34.7642,47.91,100,67,9.95
524,Bay City,US,2022-01-27 17:09:31,43.5945,-83.8889,25.36,65,100,7.0
525,Betare Oya,CM,2022-01-27 17:10:44,5.6,14.0833,85.46,17,83,4.12
526,Jonesboro,US,2022-01-27 17:10:45,35.8423,-90.7043,35.37,37,100,5.99
527,General Roca,AR,2022-01-27 17:10:45,-39.0333,-67.5833,82.98,23,0,18.77
528,Broken Hill,AU,2022-01-27 17:10:46,-31.95,141.4333,85.39,46,95,18.52
529,San Patricio,US,2022-01-27 17:10:46,28.017,-97.5169,57.61,66,100,7.36
530,Moa,CU,2022-01-27 17:10:46,20.6569,-74.9403,82.67,57,2,8.81
531,Mutoko,ZW,2022-01-27 17:10:47,-17.397,32.2268,65.88,93,80,3.87
532,Zhangye,CN,2022-01-27 17:10:47,38.9342,100.4517,23.79,35,100,4.7
533,Veraval,IN,2022-01-27 17:10:47,20.9,70.3667,66.94,35,0,11.77
534,Hobyo,SO,2022-01-27 17:10:48,5.3505,48.5268,77.22,70,75,18.66
535,San Vicente De Canete,PE,2022-01-27 17:10:48,-13.0751,-76.3835,75.78,73,82,8.52
536,Zarechnyy,RU,2022-01-27 17:10:48,53.2036,45.1923,11.05,98,94,3.06
537,La Libertad,EC,2022-01-27 17:10:48,-2.2333,-80.9,83.86,65,75,6.91
538,Male,MV,2022-01-27 17:10:11,4.1748,73.5089,79.92,61,52,7.58
539,Ust-Nera,RU,2022-01-27 17:10:49,64.5667,143.2,-39.32,97,33,1.79
540,Mao,ES,2022-01-27 17:07:08,39.8885,4.2658,55.96,82,20,3.44
541,Mirante Do Paranapanema,BR,2022-01-27 17:10:49,-22.2919,-51.9064,90.03,46,100,7.61
542,Chabua,IN,2022-01-27 17:10:50,27.4825,95.1736,57.11,91,69,5.32
543,Tongliao,CN,2022-01-27 17:10:50,43.6125,122.2653,0.05,83,2,8.01
544,Panama City,PA,2022-01-27 17:09:45,8.9936,-79.5197,88.38,61,78,4.0
545,Rabo De Peixe,PT,2022-01-27 17:10:51,37.8,-25.5833,60.31,63,20,14.97
546,Campos Altos,BR,2022-01-27 17:10:51,-19.6961,-46.1714,77.11,64,45,5.53
547,Bone,DE,2022-01-27 17:10:51,51.9669,12.1396,43.72,88,100,19.69
548,Sorochinsk,RU,2022-01-27 17:10:51,52.4338,53.1583,-0.42,100,82,3.18
549,Arraias,BR,2022-01-27 17:10:52,-12.9288,-46.9437,74.14,76,99,4.97
550,Nouakchott,MR,2022-01-27 17:10:52,18.0858,-15.9785,75.13,51,80,16.84
551,Teknaf,BD,2022-01-27 17:11:52,20.8624,92.3058,64.49,84,2,8.79
552,Nagornskiy,RU,2022-01-27 17:11:53,58.7731,57.5451,5.83,95,100,6.29
553,Pimentel,PE,2022-01-27 17:11:53,-6.8367,-79.9342,80.89,57,0,13.8
554,Puerto Ayacucho,VE,2022-01-27 17:11:53,5.6639,-67.6236,94.46,28,99,8.61
555,High Level,CA,2022-01-27 17:11:54,58.5169,-117.136,21.31,93,100,3.44
556,Celestun,MX,2022-01-27 17:11:54,20.8667,-90.4,77.52,66,23,9.31
557,Sabzevar,IR,2022-01-27 17:11:54,36.2126,57.6819,48.76,61,93,6.89
558,Ust-Tsilma,RU,2022-01-27 17:11:55,65.441,52.1498,0.34,98,87,4.38
559,Katima Mulilo,NA,2022-01-27 17:11:55,-17.5,24.2667,67.64,97,100,4.23
560,Westport,US,2022-01-27 17:09:04,41.1415,-73.3579,30.42,54,0,1.01
561,Daru,PG,2022-01-27 17:11:56,-9.0763,143.2092,78.39,87,100,5.79
562,Voskresenskoye,RU,2022-01-27 17:11:56,56.8381,45.4317,-1.25,100,97,3.96
563,Boralday,KZ,2022-01-27 17:11:56,43.3578,76.8594,24.66,86,40,6.71
564,Dumai,ID,2022-01-27 17:11:57,1.6833,101.45,74.32,81,65,3.33
565,Zemetchino,RU,2022-01-27 17:11:57,53.4973,42.6163,-0.31,99,70,5.64
566,Inverell,AU,2022-01-27 17:11:57,-29.7833,151.1167,67.66,94,99,4.18
567,Arcachon,FR,2022-01-27 17:11:58,44.5875,-1.0519,42.85,75,0,0.0
568,Seoul,KR,2022-01-27 17:11:58,37.5683,126.9778,26.11,38,43,6.49
